{
   "Data":[
      {
         "Country":"United States (USA)",
         "Mfr_CommonName":"Tesla",
         "Mfr_ID":955,
         "Mfr_Name":"TESLA, INC.",
         "VehicleTypes":[
            {
               "IsPrimary":true,
               "Name":"Passenger Car"
            },
            {
               "IsPrimary":false,
               "Name":"Multipurpose Passenger Vehicle (MPV)"
            }
         ]
      },
      {
         "Country":"United States (USA)",
         "Mfr_CommonName":"Tesla",
         "Mfr_ID":955,
         "Mfr_Name":"TESLA, INC.",
         "VehicleTypes":[
            {
               "IsPrimary":true,
               "Name":"Passenger Car"
            },
            {
               "IsPrimary":false,
               "Name":"Multipurpose Passenger Vehicle (MPV)"
            }
         ]
      },
      {
         "Country":"United Kingdom (UK)",
         "Mfr_CommonName":"Aston Martin",
         "Mfr_ID":956,
         "Mfr_Name":"ASTON MARTIN LAGONDA LIMITED",
         "VehicleTypes":[

         ]
      },
      {
         "Country":"United States (USA)",
         "Mfr_CommonName":"BMW",
         "Mfr_ID":957,
         "Mfr_Name":"BMW OF NORTH AMERICA, LLC",
         "VehicleTypes":[

         ]
      },
      {
         "Country":"United States (USA)",
         "Mfr_CommonName":"Jaguar Land Rover",
         "Mfr_ID":958,
         "Mfr_Name":"JAGUAR LAND ROVER NORTH AMERICA, LLC",
         "VehicleTypes":[
            {
               "IsPrimary":true,
               "Name":"Passenger Car"
            },
            {
               "IsPrimary":false,
               "Name":"Truck "
            },
            {
               "IsPrimary":false,
               "Name":"Multipurpose Passenger Vehicle (MPV)"
            }
         ]
      },
      {
         "Country":"United States (USA)",
         "Mfr_CommonName":"Jaguar Land Rover",
         "Mfr_ID":958,
         "Mfr_Name":"JAGUAR LAND ROVER NORTH AMERICA, LLC",
         "VehicleTypes":[
            {
               "IsPrimary":true,
               "Name":"Passenger Car"
            },
            {
               "IsPrimary":false,
               "Name":"Truck "
            },
            {
               "IsPrimary":false,
               "Name":"Multipurpose Passenger Vehicle (MPV)"
            }
         ]
      },
      {
         "Country":"United States (USA)",
         "Mfr_CommonName":"Jaguar Land Rover",
         "Mfr_ID":958,
         "Mfr_Name":"JAGUAR LAND ROVER NORTH AMERICA, LLC",
         "VehicleTypes":[
            {
               "IsPrimary":true,
               "Name":"Passenger Car"
            },
            {
               "IsPrimary":false,
               "Name":"Truck "
            },
            {
               "IsPrimary":false,
               "Name":"Multipurpose Passenger Vehicle (MPV)"
            }
         ]
      },
      {
         "Country":"United States (USA)",
         "Mfr_CommonName":"Maserati",
         "Mfr_ID":959,
         "Mfr_Name":"MASERATI NORTH AMERICA, INC.",
         "VehicleTypes":[
            {
               "IsPrimary":true,
               "Name":"Passenger Car"
            }
         ]
      },
      {
         "Country":"United States (USA)",
         "Mfr_CommonName":"Rolls Royce",
         "Mfr_ID":960,
         "Mfr_Name":"ROLLS ROYCE MOTOR CARS",
         "VehicleTypes":[

         ]
      },
      {
         "Country":"United States (USA)",
         "Mfr_CommonName":"Buell",
         "Mfr_ID":961,
         "Mfr_Name":"ERIK BUELL RACING ",
         "VehicleTypes":[

         ]
      },
      {
         "Country":"United States (USA)",
         "Mfr_CommonName":"Toyota",
         "Mfr_ID":962,
         "Mfr_Name":"TOYOTA MOTOR NORTH AMERICA, INC",
         "VehicleTypes":[

         ]
      },
      {
         "Country":"China",
         "Mfr_CommonName":"Jialing",
         "Mfr_ID":963,
         "Mfr_Name":"SHANGHAI JIALING VEHICLE BUSINESS CO., LTD",
         "VehicleTypes":[

         ]
      },
      {
         "Country":"United States (USA)",
         "Mfr_CommonName":"Mercedes-Benz Sprinter",
         "Mfr_ID":964,
         "Mfr_Name":"MERCEDES-BENZ USA, LLC (SPRINTER)",
         "VehicleTypes":[

         ]
      },
      {
         "Country":"United States (USA)",
         "Mfr_CommonName":null,
         "Mfr_ID":965,
         "Mfr_Name":"FULMER FABRICATIONS",
         "VehicleTypes":[
            {
               "IsPrimary":false,
               "Name":"Motorcycle"
            }
         ]
      },
      {
         "Country":"Germany",
         "Mfr_CommonName":"BMW",
         "Mfr_ID":966,
         "Mfr_Name":"BMW AG",
         "VehicleTypes":[

         ]
      },
      {
         "Country":"Germany",
         "Mfr_CommonName":"BMW",
         "Mfr_ID":967,
         "Mfr_Name":"BMW M GMBH",
         "VehicleTypes":[
            {
               "IsPrimary":true,
               "Name":"Passenger Car"
            }
         ]
      },
      {
         "Country":"United States (USA)",
         "Mfr_CommonName":"BMW",
         "Mfr_ID":968,
         "Mfr_Name":"BMW MANUFACTURER CORPORATION \/ BMW NORTH AMERICA",
         "VehicleTypes":[
            {
               "IsPrimary":true,
               "Name":"Passenger Car"
            }
         ]
      },
      {
         "Country":"United States (USA)",
         "Mfr_CommonName":"Motorcycle Machine Shop Services",
         "Mfr_ID":969,
         "Mfr_Name":"MOTORCYCLE MACHINE SHOP SERVICES, LLC",
         "VehicleTypes":[

         ]
      },
      {
         "Country":"France",
         "Mfr_CommonName":"Bugatti",
         "Mfr_ID":970,
         "Mfr_Name":"BUGATTI AUTOMOBILES S.A.S",
         "VehicleTypes":[
            {
               "IsPrimary":true,
               "Name":"Passenger Car"
            }
         ]
      },
      {
         "Country":"United States (USA)",
         "Mfr_CommonName":"Hombilt",
         "Mfr_ID":971,
         "Mfr_Name":"HOMBILT TRAILERS INC",
         "VehicleTypes":[

         ]
      },
      {
         "Country":"Germany",
         "Mfr_CommonName":"BMW Motorrad (Motorcycles)",
         "Mfr_ID":972,
         "Mfr_Name":"BMW AG MOTORCYCLES",
         "VehicleTypes":[

         ]
      },
      {
         "Country":"United States (USA)",
         "Mfr_CommonName":"ACG",
         "Mfr_ID":973,
         "Mfr_Name":"AMERICAN CUSTOM GOLF CARS, INC",
         "VehicleTypes":[
            {
               "IsPrimary":true,
               "Name":"Low Speed Vehicle (LSV)"
            },
            {
               "IsPrimary":false,
               "Name":"Off Road Vehicle"
            }
         ]
      },
      {
         "Country":"United States (USA)",
         "Mfr_CommonName":"ACG",
         "Mfr_ID":973,
         "Mfr_Name":"AMERICAN CUSTOM GOLF CARS, INC",
         "VehicleTypes":[
            {
               "IsPrimary":true,
               "Name":"Low Speed Vehicle (LSV)"
            },
            {
               "IsPrimary":false,
               "Name":"Off Road Vehicle"
            }
         ]
      },
      {
         "Country":"United States (USA)",
         "Mfr_CommonName":null,
         "Mfr_ID":974,
         "Mfr_Name":"MOONLIGHT AUTO",
         "VehicleTypes":[
            {
               "IsPrimary":false,
               "Name":"Motorcycle"
            }
         ]
      },
      {
         "Country":"United States (USA)",
         "Mfr_CommonName":"Cooper Cycles",
         "Mfr_ID":975,
         "Mfr_Name":"COOPER CYCLES",
         "VehicleTypes":[

         ]
      },
      {
         "Country":"United States (USA)",
         "Mfr_CommonName":"Ford",
         "Mfr_ID":976,
         "Mfr_Name":"FORD MOTOR COMPANY, USA",
         "VehicleTypes":[

         ]
      },
      {
         "Country":"Canada",
         "Mfr_CommonName":"Ford",
         "Mfr_ID":977,
         "Mfr_Name":"FORD MOTOR COMPANY OF CANADA, LTD.",
         "VehicleTypes":[

         ]
      },
      {
         "Country":"United States (USA)",
         "Mfr_CommonName":"Auto Alliance",
         "Mfr_ID":978,
         "Mfr_Name":"AUTO ALLIANCE INTERNATIONAL, USA",
         "VehicleTypes":[

         ]
      },
      {
         "Country":"Mexico",
         "Mfr_CommonName":"Ford",
         "Mfr_ID":979,
         "Mfr_Name":"FORD MOTOR COMPANY, MEXICO",
         "VehicleTypes":[

         ]
      },
      {
         "Country":"United States (USA)",
         "Mfr_CommonName":"Latitude",
         "Mfr_ID":980,
         "Mfr_Name":"LATITUDE CAMPER COMPANY, LLC",
         "VehicleTypes":[
            {
               "IsPrimary":false,
               "Name":"Trailer"
            }
         ]
      },
      {
         "Country":"United States (USA)",
         "Mfr_CommonName":null,
         "Mfr_ID":981,
         "Mfr_Name":"COUNTRY COACH CORPORATION",
         "VehicleTypes":[
            {
               "IsPrimary":false,
               "Name":"Multipurpose Passenger Vehicle (MPV)"
            }
         ]
      },
      {
         "Country":"Canada",
         "Mfr_CommonName":"Westward",
         "Mfr_ID":982,
         "Mfr_Name":"WESTWARD INDUSTRIES",
         "VehicleTypes":[

         ]
      },
      {
         "Country":"United Kingdom (UK)",
         "Mfr_CommonName":"Lotus",
         "Mfr_ID":983,
         "Mfr_Name":"LOTUS CARS LTD.",
         "VehicleTypes":[
            {
               "IsPrimary":true,
               "Name":"Passenger Car"
            }
         ]
      },
      {
         "Country":"United States (USA)",
         "Mfr_CommonName":"GM",
         "Mfr_ID":984,
         "Mfr_Name":"GENERAL MOTORS LLC",
         "VehicleTypes":[
            {
               "IsPrimary":false,
               "Name":"Passenger Car"
            },
            {
               "IsPrimary":false,
               "Name":"Truck "
            },
            {
               "IsPrimary":true,
               "Name":"Incomplete Vehicle"
            }
         ]
      },
      {
         "Country":"United States (USA)",
         "Mfr_CommonName":"GM",
         "Mfr_ID":984,
         "Mfr_Name":"GENERAL MOTORS LLC",
         "VehicleTypes":[
            {
               "IsPrimary":false,
               "Name":"Passenger Car"
            },
            {
               "IsPrimary":false,
               "Name":"Truck "
            },
            {
               "IsPrimary":true,
               "Name":"Incomplete Vehicle"
            }
         ]
      },
      {
         "Country":"United States (USA)",
         "Mfr_CommonName":"GM",
         "Mfr_ID":984,
         "Mfr_Name":"GENERAL MOTORS LLC",
         "VehicleTypes":[
            {
               "IsPrimary":false,
               "Name":"Passenger Car"
            },
            {
               "IsPrimary":false,
               "Name":"Truck "
            },
            {
               "IsPrimary":true,
               "Name":"Incomplete Vehicle"
            }
         ]
      },
      {
         "Country":"Mexico",
         "Mfr_CommonName":"Blue Diamond",
         "Mfr_ID":985,
         "Mfr_Name":"BLUE DIAMOND TRUCK, S. DE R. L. DE C. V.",
         "VehicleTypes":[
            {
               "IsPrimary":false,
               "Name":"Incomplete Vehicle"
            }
         ]
      },
      {
         "Country":"Turkey",
         "Mfr_CommonName":"Ford",
         "Mfr_ID":986,
         "Mfr_Name":"FORD OTOMOTIV SANAYI A.S., TURKEY",
         "VehicleTypes":[

         ]
      },
      {
         "Country":"Japan",
         "Mfr_CommonName":"Honda",
         "Mfr_ID":987,
         "Mfr_Name":"HONDA MOTOR CO., LTD",
         "VehicleTypes":[

         ]
      },
      {
         "Country":"United States (USA)",
         "Mfr_CommonName":"Honda",
         "Mfr_ID":988,
         "Mfr_Name":"HONDA OF AMERICA MFG., INC.",
         "VehicleTypes":[

         ]
      },
      {
         "Country":"United States (USA)",
         "Mfr_CommonName":"Honda",
         "Mfr_ID":989,
         "Mfr_Name":"HONDA MFG., ALABAMA., LLC.",
         "VehicleTypes":[

         ]
      },
      {
         "Country":"Canada",
         "Mfr_CommonName":"Honda",
         "Mfr_ID":990,
         "Mfr_Name":"HONDA OF CANADA MFG., INC.",
         "VehicleTypes":[

         ]
      },
      {
         "Country":"United Kingdom (UK)",
         "Mfr_CommonName":"Honda",
         "Mfr_ID":991,
         "Mfr_Name":"HONDA OF THE U.K. MFG., LTD.",
         "VehicleTypes":[

         ]
      },
      {
         "Country":"Mexico",
         "Mfr_CommonName":"Honda",
         "Mfr_ID":992,
         "Mfr_Name":"HONDA DE MEXICO",
         "VehicleTypes":[

         ]
      },
      {
         "Country":"United States (USA)",
         "Mfr_CommonName":"Honda",
         "Mfr_ID":993,
         "Mfr_Name":"HONDA MFG., INDIANA., LLC.",
         "VehicleTypes":[

         ]
      },
      {
         "Country":"United States (USA)",
         "Mfr_CommonName":"Chrysler",
         "Mfr_ID":994,
         "Mfr_Name":"FCA US LLC",
         "VehicleTypes":[
            {
               "IsPrimary":false,
               "Name":"Passenger Car"
            },
            {
               "IsPrimary":true,
               "Name":"Multipurpose Passenger Vehicle (MPV)"
            },
            {
               "IsPrimary":false,
               "Name":"Incomplete Vehicle"
            }
         ]
      },
      {
         "Country":"United States (USA)",
         "Mfr_CommonName":"Chrysler",
         "Mfr_ID":994,
         "Mfr_Name":"FCA US LLC",
         "VehicleTypes":[
            {
               "IsPrimary":false,
               "Name":"Passenger Car"
            },
            {
               "IsPrimary":true,
               "Name":"Multipurpose Passenger Vehicle (MPV)"
            },
            {
               "IsPrimary":false,
               "Name":"Incomplete Vehicle"
            }
         ]
      },
      {
         "Country":"United States (USA)",
         "Mfr_CommonName":"Chrysler",
         "Mfr_ID":994,
         "Mfr_Name":"FCA US LLC",
         "VehicleTypes":[
            {
               "IsPrimary":false,
               "Name":"Passenger Car"
            },
            {
               "IsPrimary":true,
               "Name":"Multipurpose Passenger Vehicle (MPV)"
            },
            {
               "IsPrimary":false,
               "Name":"Incomplete Vehicle"
            }
         ]
      },
      {
         "Country":"Canada",
         "Mfr_CommonName":"Chrysler",
         "Mfr_ID":995,
         "Mfr_Name":"FCA CANADA INC.",
         "VehicleTypes":[

         ]
      },
      {
         "Country":"Japan",
         "Mfr_CommonName":"Nissan",
         "Mfr_ID":996,
         "Mfr_Name":"NISSAN MOTOR COMPANY, LTD",
         "VehicleTypes":[
            {
               "IsPrimary":false,
               "Name":"Passenger Car"
            },
            {
               "IsPrimary":false,
               "Name":"Truck "
            },
            {
               "IsPrimary":false,
               "Name":"Multipurpose Passenger Vehicle (MPV)"
            },
            {
               "IsPrimary":false,
               "Name":"Incomplete Vehicle"
            }
         ]
      },
      {
         "Country":"Japan",
         "Mfr_CommonName":"Nissan",
         "Mfr_ID":996,
         "Mfr_Name":"NISSAN MOTOR COMPANY, LTD",
         "VehicleTypes":[
            {
               "IsPrimary":false,
               "Name":"Passenger Car"
            },
            {
               "IsPrimary":false,
               "Name":"Truck "
            },
            {
               "IsPrimary":false,
               "Name":"Multipurpose Passenger Vehicle (MPV)"
            },
            {
               "IsPrimary":false,
               "Name":"Incomplete Vehicle"
            }
         ]
      },
      {
         "Country":"Japan",
         "Mfr_CommonName":"Nissan",
         "Mfr_ID":996,
         "Mfr_Name":"NISSAN MOTOR COMPANY, LTD",
         "VehicleTypes":[
            {
               "IsPrimary":false,
               "Name":"Passenger Car"
            },
            {
               "IsPrimary":false,
               "Name":"Truck "
            },
            {
               "IsPrimary":false,
               "Name":"Multipurpose Passenger Vehicle (MPV)"
            },
            {
               "IsPrimary":false,
               "Name":"Incomplete Vehicle"
            }
         ]
      },
      {
         "Country":"Japan",
         "Mfr_CommonName":"Nissan",
         "Mfr_ID":996,
         "Mfr_Name":"NISSAN MOTOR COMPANY, LTD",
         "VehicleTypes":[
            {
               "IsPrimary":false,
               "Name":"Passenger Car"
            },
            {
               "IsPrimary":false,
               "Name":"Truck "
            },
            {
               "IsPrimary":false,
               "Name":"Multipurpose Passenger Vehicle (MPV)"
            },
            {
               "IsPrimary":false,
               "Name":"Incomplete Vehicle"
            }
         ]
      },
      {
         "Country":"United States (USA)",
         "Mfr_CommonName":"Nissan NA",
         "Mfr_ID":997,
         "Mfr_Name":"NISSAN NORTH AMERICA, INC",
         "VehicleTypes":[

         ]
      },
      {
         "Country":"",
         "Mfr_CommonName":"Quest Manufacturing",
         "Mfr_ID":998,
         "Mfr_Name":"Quest Manufacturing",
         "VehicleTypes":[

         ]
      },
      {
         "Country":"Mexico",
         "Mfr_CommonName":"Nissan Mexico",
         "Mfr_ID":999,
         "Mfr_Name":"NISSAN MEXICANA, S.A. DE C.V.",
         "VehicleTypes":[

         ]
      },
      {
         "Country":"South Korea",
         "Mfr_CommonName":"Renault Samsung",
         "Mfr_ID":1000,
         "Mfr_Name":"RENAULT SAMSUNG MOTORS CO., LTD",
         "VehicleTypes":[

         ]
      },
      {
         "Country":"France",
         "Mfr_CommonName":"Renault",
         "Mfr_ID":1001,
         "Mfr_Name":"RENAULT GROUP",
         "VehicleTypes":[

         ]
      },
      {
         "Country":"Mexico",
         "Mfr_CommonName":"Chrysler (Mexico)",
         "Mfr_ID":1002,
         "Mfr_Name":"CHRYSLER DE MEXICO TOLUCA",
         "VehicleTypes":[

         ]
      },
      {
         "Country":"United States (USA)",
         "Mfr_CommonName":"Club Car",
         "Mfr_ID":1003,
         "Mfr_Name":"CLUB CAR LLC.",
         "VehicleTypes":[
            {
               "IsPrimary":false,
               "Name":"Low Speed Vehicle (LSV)"
            }
         ]
      },
      {
         "Country":"United States (USA)",
         "Mfr_CommonName":"Volvo",
         "Mfr_ID":1006,
         "Mfr_Name":"VOLVO CAR USA, LLC",
         "VehicleTypes":[
            {
               "IsPrimary":false,
               "Name":"Passenger Car"
            },
            {
               "IsPrimary":false,
               "Name":"Multipurpose Passenger Vehicle (MPV)"
            }
         ]
      },
      {
         "Country":"United States (USA)",
         "Mfr_CommonName":"Volvo",
         "Mfr_ID":1006,
         "Mfr_Name":"VOLVO CAR USA, LLC",
         "VehicleTypes":[
            {
               "IsPrimary":false,
               "Name":"Passenger Car"
            },
            {
               "IsPrimary":false,
               "Name":"Multipurpose Passenger Vehicle (MPV)"
            }
         ]
      },
      {
         "Country":"China",
         "Mfr_CommonName":"Geely",
         "Mfr_ID":1011,
         "Mfr_Name":"ZHEJIANG GEELY HOLDING GROUP CO.,LTD",
         "VehicleTypes":[

         ]
      },
      {
         "Country":"United States (USA)",
         "Mfr_CommonName":"Golf Cars of Arizona",
         "Mfr_ID":1014,
         "Mfr_Name":"GOLF CARS OF ARIZONA",
         "VehicleTypes":[

         ]
      },
      {
         "Country":"United States (USA)",
         "Mfr_CommonName":"Volvo (Truck \/ Bus)",
         "Mfr_ID":1015,
         "Mfr_Name":"VOLVO GROUP NORTH AMERICA, LLC",
         "VehicleTypes":[
            {
               "IsPrimary":true,
               "Name":"Truck "
            },
            {
               "IsPrimary":false,
               "Name":"Bus"
            }
         ]
      },
      {
         "Country":"United States (USA)",
         "Mfr_CommonName":"Volvo (Truck \/ Bus)",
         "Mfr_ID":1015,
         "Mfr_Name":"VOLVO GROUP NORTH AMERICA, LLC",
         "VehicleTypes":[
            {
               "IsPrimary":true,
               "Name":"Truck "
            },
            {
               "IsPrimary":false,
               "Name":"Bus"
            }
         ]
      },
      {
         "Country":"Germany",
         "Mfr_CommonName":"Daimler",
         "Mfr_ID":1023,
         "Mfr_Name":"DAIMLER AG",
         "VehicleTypes":[

         ]
      },
      {
         "Country":"United States (USA)",
         "Mfr_CommonName":"Daimler Trucks ",
         "Mfr_ID":1024,
         "Mfr_Name":"DAIMLER TRUCKS NORTH AMERICA LLC",
         "VehicleTypes":[
            {
               "IsPrimary":true,
               "Name":"Truck "
            }
         ]
      },
      {
         "Country":"United States (USA)",
         "Mfr_CommonName":null,
         "Mfr_ID":1025,
         "Mfr_Name":"FREIGHTLINER CUSTOM CHASSIS CORP.",
         "VehicleTypes":[
            {
               "IsPrimary":true,
               "Name":"Incomplete Vehicle"
            }
         ]
      },
      {
         "Country":"United States (USA)",
         "Mfr_CommonName":"Coachworks",
         "Mfr_ID":1026,
         "Mfr_Name":"COACHWORKS HOLDINGS INC",
         "VehicleTypes":[

         ]
      },
      {
         "Country":"United States (USA)",
         "Mfr_CommonName":"Mack Truck",
         "Mfr_ID":1027,
         "Mfr_Name":"MACK TRUCKS, INC.",
         "VehicleTypes":[
            {
               "IsPrimary":false,
               "Name":"Truck "
            },
            {
               "IsPrimary":true,
               "Name":"Incomplete Vehicle"
            }
         ]
      },
      {
         "Country":"United States (USA)",
         "Mfr_CommonName":"Mack Truck",
         "Mfr_ID":1027,
         "Mfr_Name":"MACK TRUCKS, INC.",
         "VehicleTypes":[
            {
               "IsPrimary":false,
               "Name":"Truck "
            },
            {
               "IsPrimary":true,
               "Name":"Incomplete Vehicle"
            }
         ]
      },
      {
         "Country":"United States (USA)",
         "Mfr_CommonName":"Navistar",
         "Mfr_ID":1028,
         "Mfr_Name":"NAVISTAR, INC.",
         "VehicleTypes":[
            {
               "IsPrimary":false,
               "Name":"Truck "
            },
            {
               "IsPrimary":false,
               "Name":"Incomplete Vehicle"
            }
         ]
      },
      {
         "Country":"United States (USA)",
         "Mfr_CommonName":"Navistar",
         "Mfr_ID":1028,
         "Mfr_Name":"NAVISTAR, INC.",
         "VehicleTypes":[
            {
               "IsPrimary":false,
               "Name":"Truck "
            },
            {
               "IsPrimary":false,
               "Name":"Incomplete Vehicle"
            }
         ]
      },
      {
         "Country":"Italy",
         "Mfr_CommonName":"Fiat",
         "Mfr_ID":1029,
         "Mfr_Name":"FCA ITALY S.P.A.",
         "VehicleTypes":[
            {
               "IsPrimary":true,
               "Name":"Passenger Car"
            },
            {
               "IsPrimary":false,
               "Name":"Truck "
            },
            {
               "IsPrimary":false,
               "Name":"Multipurpose Passenger Vehicle (MPV)"
            }
         ]
      },
      {
         "Country":"Italy",
         "Mfr_CommonName":"Fiat",
         "Mfr_ID":1029,
         "Mfr_Name":"FCA ITALY S.P.A.",
         "VehicleTypes":[
            {
               "IsPrimary":true,
               "Name":"Passenger Car"
            },
            {
               "IsPrimary":false,
               "Name":"Truck "
            },
            {
               "IsPrimary":false,
               "Name":"Multipurpose Passenger Vehicle (MPV)"
            }
         ]
      },
      {
         "Country":"Italy",
         "Mfr_CommonName":"Fiat",
         "Mfr_ID":1029,
         "Mfr_Name":"FCA ITALY S.P.A.",
         "VehicleTypes":[
            {
               "IsPrimary":true,
               "Name":"Passenger Car"
            },
            {
               "IsPrimary":false,
               "Name":"Truck "
            },
            {
               "IsPrimary":false,
               "Name":"Multipurpose Passenger Vehicle (MPV)"
            }
         ]
      },
      {
         "Country":"United States (USA)",
         "Mfr_CommonName":"Chairiot Mobility",
         "Mfr_ID":1030,
         "Mfr_Name":"CHAIRIOT MOBILITY INC",
         "VehicleTypes":[
            {
               "IsPrimary":true,
               "Name":"Low Speed Vehicle (LSV)"
            }
         ]
      },
      {
         "Country":"United States (USA)",
         "Mfr_CommonName":"PACCAR",
         "Mfr_ID":1031,
         "Mfr_Name":"PACCAR INC.",
         "VehicleTypes":[
            {
               "IsPrimary":true,
               "Name":"Truck "
            }
         ]
      },
      {
         "Country":"United States (USA)",
         "Mfr_CommonName":"Kenworth",
         "Mfr_ID":1032,
         "Mfr_Name":"KENWORTH TRUCK COMPANY",
         "VehicleTypes":[

         ]
      },
      {
         "Country":"United States (USA)",
         "Mfr_CommonName":"Peterbilt",
         "Mfr_ID":1033,
         "Mfr_Name":"Peterbilt Motors Company",
         "VehicleTypes":[

         ]
      },
      {
         "Country":"United States (USA)",
         "Mfr_CommonName":"Hyundia-Kia",
         "Mfr_ID":1034,
         "Mfr_Name":"HYUNDAI-KIA AMERICA TECHNICAL CENTER INC (HATCI)",
         "VehicleTypes":[
            {
               "IsPrimary":true,
               "Name":"Passenger Car"
            }
         ]
      },
      {
         "Country":"United States (USA)",
         "Mfr_CommonName":null,
         "Mfr_ID":1035,
         "Mfr_Name":"MAD DAWG CYCLES AND TRAILERS",
         "VehicleTypes":[
            {
               "IsPrimary":false,
               "Name":"Motorcycle"
            },
            {
               "IsPrimary":false,
               "Name":"Trailer"
            }
         ]
      },
      {
         "Country":"United States (USA)",
         "Mfr_CommonName":null,
         "Mfr_ID":1035,
         "Mfr_Name":"MAD DAWG CYCLES AND TRAILERS",
         "VehicleTypes":[
            {
               "IsPrimary":false,
               "Name":"Motorcycle"
            },
            {
               "IsPrimary":false,
               "Name":"Trailer"
            }
         ]
      },
      {
         "Country":"United States (USA)",
         "Mfr_CommonName":"Mills Manufacturing",
         "Mfr_ID":1038,
         "Mfr_Name":"Mills Manufacturing Inc",
         "VehicleTypes":[

         ]
      },
      {
         "Country":"United States (USA)",
         "Mfr_CommonName":"Lamborghini",
         "Mfr_ID":1039,
         "Mfr_Name":"AUTOMOBILI LAMBORGHINI SPA",
         "VehicleTypes":[

         ]
      },
      {
         "Country":"United States (USA)",
         "Mfr_CommonName":null,
         "Mfr_ID":1040,
         "Mfr_Name":"HAYES WELDING INC",
         "VehicleTypes":[
            {
               "IsPrimary":false,
               "Name":"Trailer"
            }
         ]
      },
      {
         "Country":"Japan",
         "Mfr_CommonName":"Mazda",
         "Mfr_ID":1041,
         "Mfr_Name":"Mazda Motor Corporation",
         "VehicleTypes":[

         ]
      },
      {
         "Country":"Germany",
         "Mfr_CommonName":"Mercedes-Benz",
         "Mfr_ID":1042,
         "Mfr_Name":"Mercedes-Benz Cars",
         "VehicleTypes":[

         ]
      },
      {
         "Country":"United States (USA)",
         "Mfr_CommonName":"Mercedes-Benz",
         "Mfr_ID":1043,
         "Mfr_Name":"MERCEDES-BENZ OF NORTH AMERICA, INC.",
         "VehicleTypes":[
            {
               "IsPrimary":false,
               "Name":"Passenger Car"
            }
         ]
      },
      {
         "Country":"United States (USA)",
         "Mfr_CommonName":"Blue Bird",
         "Mfr_ID":1044,
         "Mfr_Name":"BLUE BIRD BODY COMPANY",
         "VehicleTypes":[
            {
               "IsPrimary":true,
               "Name":"Bus"
            },
            {
               "IsPrimary":false,
               "Name":"Multipurpose Passenger Vehicle (MPV)"
            }
         ]
      },
      {
         "Country":"United States (USA)",
         "Mfr_CommonName":"Blue Bird",
         "Mfr_ID":1044,
         "Mfr_Name":"BLUE BIRD BODY COMPANY",
         "VehicleTypes":[
            {
               "IsPrimary":true,
               "Name":"Bus"
            },
            {
               "IsPrimary":false,
               "Name":"Multipurpose Passenger Vehicle (MPV)"
            }
         ]
      },
      {
         "Country":"United States (USA)",
         "Mfr_CommonName":"Optima",
         "Mfr_ID":1045,
         "Mfr_Name":"OPTIMA BUS CORP",
         "VehicleTypes":[

         ]
      },
      {
         "Country":"Canada",
         "Mfr_CommonName":"New Flyer",
         "Mfr_ID":1046,
         "Mfr_Name":"NEW FLYER",
         "VehicleTypes":[

         ]
      },
      {
         "Country":"United States (USA)",
         "Mfr_CommonName":"NABI",
         "Mfr_ID":1047,
         "Mfr_Name":"North American Bus Industries Inc., LLC",
         "VehicleTypes":[

         ]
      },
      {
         "Country":"United States (USA)",
         "Mfr_CommonName":"Suzuki",
         "Mfr_ID":1048,
         "Mfr_Name":"SUZUKI MOTOR OF AMERICA, INC",
         "VehicleTypes":[
            {
               "IsPrimary":true,
               "Name":"Motorcycle"
            }
         ]
      },
      {
         "Country":"United States (USA)",
         "Mfr_CommonName":"E-One",
         "Mfr_ID":1050,
         "Mfr_Name":"EMERGENCY ONE, INC",
         "VehicleTypes":[

         ]
      },
      {
         "Country":"Japan",
         "Mfr_CommonName":"Mitsubishi",
         "Mfr_ID":1052,
         "Mfr_Name":"Mitsubishi Motors Corporation (MMC)",
         "VehicleTypes":[

         ]
      },
      {
         "Country":"United States (USA)",
         "Mfr_CommonName":"Pete's Golf Carts",
         "Mfr_ID":1053,
         "Mfr_Name":"PETE'S GOLF CARTS",
         "VehicleTypes":[
            {
               "IsPrimary":true,
               "Name":"Low Speed Vehicle (LSV)"
            }
         ]
      },
      {
         "Country":"United States (USA)",
         "Mfr_CommonName":"Mitsubishi",
         "Mfr_ID":1054,
         "Mfr_Name":"MITSUBISHI MOTORS NORTH AMERICA",
         "VehicleTypes":[

         ]
      }
   ]
}
